{
  "generatedAt": "2026-04-16T20:09:42.157Z",
  "protocol": {
    "runs": 10,
    "outlierDiscard": "discard 1 min and 1 max for trimmed mean",
    "sampleIntervalMs": 10
  },
  "environment": {
    "node": "v24.14.0",
    "platform": "win32",
    "arch": "x64",
    "cpuModel": "Intel(R) Core(TM) i5-8250U CPU @ 1.60GHz",
    "cpuCount": 8,
    "totalMemoryMb": 16275.2109375
  },
  "corpora": [
    {
      "id": "repo-app",
      "root": "C:\\Users\\Codechef\\Desktop\\fastscript",
      "skipped": false,
      "corpus": {
        "appFsFiles": 49
      },
      "typecheckSummary": {
        "errors": 0,
        "warnings": 0
      },
      "timingsMs": {
        "parsePerCorpus": {
          "runs": [
            141.67240000000015,
            146.1802,
            150.29410000000007,
            157.37619999999993,
            157.78420000000006,
            165.4909,
            177.98530000000005,
            196.22210000000007,
            197.7219,
            274.9161
          ],
          "runsTrimmed": [
            146.1802,
            150.29410000000007,
            157.37619999999993,
            157.78420000000006,
            165.4909,
            177.98530000000005,
            196.22210000000007,
            197.7219
          ],
          "min": 141.67240000000015,
          "max": 274.9161,
          "median": 165.4909,
          "p95": 274.9161,
          "p95Trimmed": 197.7219,
          "meanTrimmed": 168.6318625
        },
        "typecheck": {
          "runs": [
            263.26060000000007,
            266.9877999999999,
            276.1411000000003,
            277.1689000000001,
            279.46569999999974,
            284.0254,
            289.2466999999997,
            349.1361999999999,
            438.25789999999984,
            440.53909999999996
          ],
          "runsTrimmed": [
            266.9877999999999,
            276.1411000000003,
            277.1689000000001,
            279.46569999999974,
            284.0254,
            289.2466999999997,
            349.1361999999999,
            438.25789999999984
          ],
          "min": 263.26060000000007,
          "max": 440.53909999999996,
          "median": 284.0254,
          "p95": 440.53909999999996,
          "p95Trimmed": 438.25789999999984,
          "meanTrimmed": 307.55371249999996
        },
        "buildCold": {
          "ms": 1431.4332999999997
        },
        "buildWarm": {
          "runs": [
            1284.1579000000002,
            1380.5208000000002,
            1385.184400000002,
            1396.1341999999986,
            1399.8891000000003,
            1458.2949000000008,
            1469.8799,
            1506.3264999999992,
            1553.0222000000012,
            1657.5329000000002
          ],
          "runsTrimmed": [
            1380.5208000000002,
            1385.184400000002,
            1396.1341999999986,
            1399.8891000000003,
            1458.2949000000008,
            1469.8799,
            1506.3264999999992,
            1553.0222000000012
          ],
          "min": 1284.1579000000002,
          "max": 1657.5329000000002,
          "median": 1458.2949000000008,
          "p95": 1657.5329000000002,
          "p95Trimmed": 1553.0222000000012,
          "meanTrimmed": 1443.6565000000003
        }
      },
      "memoryPeakMb": {
        "typecheck": 263,
        "build": 280.328125
      },
      "bundles": {
        "js": 4284,
        "css": 15353,
        "routes": 38,
        "apiRoutes": 5
      },
      "buildError": null,
      "hardLimitCheck": {
        "parsePerFileUnder100ms": true,
        "typecheckPer100FilesUnder500ms": true,
        "warmBuildUnder2000ms": true,
        "coldBuildUnder5000ms": true,
        "firstLoadJsUnder5kb": true
      }
    },
    {
      "id": "yomiru",
      "skipped": true,
      "reason": "missing app directory"
    },
    {
      "id": "example-startup-mvp",
      "root": "C:\\Users\\Codechef\\Desktop\\fastscript\\examples\\startup-mvp",
      "skipped": false,
      "corpus": {
        "appFsFiles": 22
      },
      "typecheckSummary": {
        "errors": 1,
        "warnings": 0
      },
      "timingsMs": {
        "parsePerCorpus": {
          "runs": [
            29.961299999999028,
            30.795700000002398,
            32.974599999997736,
            33.16140000000087,
            33.51459999999861,
            33.793299999997544,
            33.83820000000196,
            35.315700000002835,
            35.68630000000121,
            42.94159999999829
          ],
          "runsTrimmed": [
            30.795700000002398,
            32.974599999997736,
            33.16140000000087,
            33.51459999999861,
            33.793299999997544,
            33.83820000000196,
            35.315700000002835,
            35.68630000000121
          ],
          "min": 29.961299999999028,
          "max": 42.94159999999829,
          "median": 33.793299999997544,
          "p95": 42.94159999999829,
          "p95Trimmed": 35.68630000000121,
          "meanTrimmed": 33.634975000000395
        },
        "typecheck": {
          "runs": [
            63.2512999999999,
            66.7465000000011,
            70.32860000000073,
            71.07459999999992,
            71.395999999997,
            75.59879999999976,
            77.41570000000138,
            80.20080000000235,
            80.4992999999995,
            81.81209999999919
          ],
          "runsTrimmed": [
            66.7465000000011,
            70.32860000000073,
            71.07459999999992,
            71.395999999997,
            75.59879999999976,
            77.41570000000138,
            80.20080000000235,
            80.4992999999995
          ],
          "min": 63.2512999999999,
          "max": 81.81209999999919,
          "median": 75.59879999999976,
          "p95": 81.81209999999919,
          "p95Trimmed": 80.4992999999995,
          "meanTrimmed": 74.15753750000022
        },
        "buildCold": {
          "ms": 1336.9205
        },
        "buildWarm": {
          "runs": [
            1126.3838,
            1131.6001,
            1151.4345,
            1219.3744000000002,
            1225.8128000000002,
            1295.9363,
            1329.6347,
            1335.5621,
            1354.6041,
            1404.7705
          ],
          "runsTrimmed": [
            1131.6001,
            1151.4345,
            1219.3744000000002,
            1225.8128000000002,
            1295.9363,
            1329.6347,
            1335.5621,
            1354.6041
          ],
          "min": 1126.3838,
          "max": 1404.7705,
          "median": 1295.9363,
          "p95": 1404.7705,
          "p95Trimmed": 1354.6041,
          "meanTrimmed": 1255.4948750000003
        }
      },
      "memoryPeakMb": {
        "typecheck": 281.390625,
        "build": 131.72265625
      },
      "bundles": {
        "js": 4284,
        "css": 3249,
        "routes": 8,
        "apiRoutes": 7
      },
      "buildError": null,
      "hardLimitCheck": {
        "parsePerFileUnder100ms": true,
        "typecheckPer100FilesUnder500ms": true,
        "warmBuildUnder2000ms": true,
        "coldBuildUnder5000ms": true,
        "firstLoadJsUnder5kb": true
      }
    },
    {
      "id": "example-agency-ops",
      "root": "C:\\Users\\Codechef\\Desktop\\fastscript\\examples\\agency-ops",
      "skipped": false,
      "corpus": {
        "appFsFiles": 25
      },
      "typecheckSummary": {
        "errors": 0,
        "warnings": 0
      },
      "timingsMs": {
        "parsePerCorpus": {
          "runs": [
            62.14360000000306,
            66.50200000000041,
            66.61039999999775,
            67.4919000000009,
            70.53779999999824,
            77.14219999999477,
            78.97040000000561,
            80.21010000000388,
            120.13249999999971,
            122.49640000000363
          ],