{
  "generatedAt": "2026-04-17T03:51:35.814Z",
  "protocol": {
    "runs": 10,
    "outlierDiscard": "discard 1 min and 1 max for trimmed mean",
    "sampleIntervalMs": 10
  },
  "environment": {
    "node": "v24.14.0",
    "platform": "win32",
    "arch": "x64",
    "cpuModel": "Intel(R) Core(TM) i5-8250U CPU @ 1.60GHz",
    "cpuCount": 8,
    "totalMemoryMb": 16275.2109375
  },
  "corpora": [
    {
      "id": "repo-app",
      "root": "C:\\Users\\Codechef\\Desktop\\fastscript",
      "skipped": false,
      "corpus": {
        "appFsFiles": 49
      },
      "typecheckSummary": {
        "errors": 0,
        "warnings": 0
      },
      "timingsMs": {
        "parsePerCorpus": {
          "runs": [
            129.94949999999994,
            139.83539999999994,
            148.85469999999998,
            163.33300000000008,
            165.7285,
            167.62480000000005,
            174.61950000000002,
            194.30919999999992,
            246.1146000000001,
            253.4555
          ],
          "runsTrimmed": [
            139.83539999999994,
            148.85469999999998,
            163.33300000000008,
            165.7285,
            167.62480000000005,
            174.61950000000002,
            194.30919999999992,
            246.1146000000001
          ],
          "min": 129.94949999999994,
          "max": 253.4555,
          "median": 167.62480000000005,
          "p95": 253.4555,
          "p95Trimmed": 246.1146000000001,
          "meanTrimmed": 175.05246250000002
        },
        "typecheck": {
          "runs": [
            261.65250000000015,
            266.15920000000006,
            270.4076,
            272.8352,
            282.7422999999999,
            284.2374,
            298.1193000000003,
            306.8689999999997,
            349.59760000000006,
            421.5268000000001
          ],
          "runsTrimmed": [
            266.15920000000006,
            270.4076,
            272.8352,
            282.7422999999999,
            284.2374,
            298.1193000000003,
            306.8689999999997,
            349.59760000000006
          ],
          "min": 261.65250000000015,
          "max": 421.5268000000001,
          "median": 284.2374,
          "p95": 421.5268000000001,
          "p95Trimmed": 349.59760000000006,
          "meanTrimmed": 291.37095
        },
        "buildCold": {
          "ms": 1422.5221000000001
        },
        "buildWarm": {
          "runs": [
            1221.980300000001,
            1278.9837000000007,
            1317.6212999999998,
            1320.6795999999995,
            1342.0294999999987,
            1395.4921999999988,
            1467.7021000000004,
            1476.5564000000013,
            1501.676800000001,
            1518.9743000000017
          ],
          "runsTrimmed": [
            1278.9837000000007,
            1317.6212999999998,
            1320.6795999999995,
            1342.0294999999987,
            1395.4921999999988,
            1467.7021000000004,
            1476.5564000000013,
            1501.676800000001
          ],
          "min": 1221.980300000001,
          "max": 1518.9743000000017,
          "median": 1395.4921999999988,
          "p95": 1518.9743000000017,
          "p95Trimmed": 1501.676800000001,
          "meanTrimmed": 1387.5927000000001
        }
      },
      "memoryPeakMb": {
        "typecheck": 268.015625,
        "build": 284.68359375
      },
      "bundles": {
        "js": 4284,
        "css": 15353,
        "routes": 38,
        "apiRoutes": 5
      },
      "buildError": null,
      "hardLimitCheck": {
        "parsePerFileUnder100ms": true,
        "typecheckPer100FilesUnder500ms": true,
        "warmBuildUnder2000ms": true,
        "coldBuildUnder5000ms": true,
        "firstLoadJsUnder5kb": true
      }
    },
    {
      "id": "yomiru",
      "skipped": true,
      "reason": "missing app directory"
    },
    {
      "id": "example-startup-mvp",
      "root": "C:\\Users\\Codechef\\Desktop\\fastscript\\examples\\startup-mvp",
      "skipped": false,
      "corpus": {
        "appFsFiles": 22
      },
      "typecheckSummary": {
        "errors": 1,
        "warnings": 0
      },
      "timingsMs": {
        "parsePerCorpus": {
          "runs": [
            33.234199999998964,
            34.6433999999972,
            38.56789999999819,
            38.999800000001414,
            40.883200000000215,
            43.819400000000314,
            46.171800000000076,
            55.20130000000063,
            59.318600000002334,
            66.41259999999966
          ],
          "runsTrimmed": [
            34.6433999999972,
            38.56789999999819,
            38.999800000001414,
            40.883200000000215,
            43.819400000000314,
            46.171800000000076,
            55.20130000000063,
            59.318600000002334
          ],
          "min": 33.234199999998964,
          "max": 66.41259999999966,
          "median": 43.819400000000314,
          "p95": 66.41259999999966,
          "p95Trimmed": 59.318600000002334,
          "meanTrimmed": 44.70067500000005
        },
        "typecheck": {
          "runs": [
            64.29170000000158,
            66.84749999999985,
            67.81529999999839,
            69.0561000000016,
            69.66010000000097,
            69.99920000000202,
            75.40550000000076,
            76.75820000000022,
            88.44390000000203,
            92.27460000000065
          ],
          "runsTrimmed": [
            66.84749999999985,
            67.81529999999839,
            69.0561000000016,
            69.66010000000097,
            69.99920000000202,
            75.40550000000076,
            76.75820000000022,
            88.44390000000203
          ],
          "min": 64.29170000000158,
          "max": 92.27460000000065,
          "median": 69.99920000000202,
          "p95": 92.27460000000065,
          "p95Trimmed": 88.44390000000203,
          "meanTrimmed": 72.99822500000073
        },
        "buildCold": {
          "ms": 1280.4468
        },
        "buildWarm": {
          "runs": [
            1104.7432000000001,
            1163.8999999999999,
            1168.1673999999998,
            1200.2370999999998,
            1210.3605,
            1212.2461,
            1256.0341,
            1354.2375,
            1460.2936,
            1598.2737000000002
          ],
          "runsTrimmed": [
            1163.8999999999999,
            1168.1673999999998,
            1200.2370999999998,
            1210.3605,
            1212.2461,
            1256.0341,
            1354.2375,
            1460.2936
          ],
          "min": 1104.7432000000001,
          "max": 1598.2737000000002,
          "median": 1212.2461,
          "p95": 1598.2737000000002,
          "p95Trimmed": 1460.2936,
          "meanTrimmed": 1253.1845374999998
        }
      },
      "memoryPeakMb": {
        "typecheck": 282.4296875,
        "build": 133.47265625
      },
      "bundles": {
        "js": 4284,
        "css": 3249,
        "routes": 8,
        "apiRoutes": 7
      },
      "buildError": null,
      "hardLimitCheck": {
        "parsePerFileUnder100ms": true,
        "typecheckPer100FilesUnder500ms": true,
        "warmBuildUnder2000ms": true,
        "coldBuildUnder5000ms": true,
        "firstLoadJsUnder5kb": true
      }
    },
    {
      "id": "example-agency-ops",
      "root": "C:\\Users\\Codechef\\Desktop\\fastscript\\examples\\agency-ops",
      "skipped": false,
      "corpus": {
        "appFsFiles": 25
      },
      "typecheckSummary": {
        "errors": 0,
        "warnings": 0
      },