{
  "generatedAt": "2026-04-15T22:36:33.909Z",
  "protocol": {
    "runs": 10,
    "outlierDiscard": "discard 1 min and 1 max for trimmed mean",
    "sampleIntervalMs": 10
  },
  "environment": {
    "node": "v24.14.0",
    "platform": "win32",
    "arch": "x64",
    "cpuModel": "Intel(R) Core(TM) i5-8250U CPU @ 1.60GHz",
    "cpuCount": 8,
    "totalMemoryMb": 16275.2109375
  },
  "corpora": [
    {
      "id": "repo-app",
      "root": "C:\\Users\\Codechef\\Desktop\\fastscript",
      "skipped": false,
      "corpus": {
        "appFsFiles": 45
      },
      "typecheckSummary": {
        "errors": 0,
        "warnings": 0
      },
      "timingsMs": {
        "parsePerCorpus": {
          "runs": [
            46.75040000000001,
            47.050800000000095,
            48.915700000000015,
            52.131200000000035,
            52.63409999999993,
            56.04910000000001,
            57.823800000000006,
            64.68639999999999,
            68.0401,
            130.61489999999998
          ],
          "runsTrimmed": [
            47.050800000000095,
            48.915700000000015,
            52.131200000000035,
            52.63409999999993,
            56.04910000000001,
            57.823800000000006,
            64.68639999999999,
            68.0401
          ],
          "min": 46.75040000000001,
          "max": 130.61489999999998,
          "median": 56.04910000000001,
          "p95": 130.61489999999998,
          "p95Trimmed": 68.0401,
          "meanTrimmed": 55.91640000000001
        },
        "typecheck": {
          "runs": [
            126.94490000000019,
            129.4067,
            130.08529999999996,
            131.58359999999993,
            134.4529,
            135.2385999999999,
            140.03719999999998,
            144.55259999999998,
            146.86299999999983,
            184.37379999999996
          ],
          "runsTrimmed": [
            129.4067,
            130.08529999999996,
            131.58359999999993,
            134.4529,
            135.2385999999999,
            140.03719999999998,
            144.55259999999998,
            146.86299999999983
          ],
          "min": 126.94490000000019,
          "max": 184.37379999999996,
          "median": 135.2385999999999,
          "p95": 184.37379999999996,
          "p95Trimmed": 146.86299999999983,
          "meanTrimmed": 136.52748749999995
        },
        "buildCold": {
          "ms": 775.2470000000003
        },
        "buildWarm": {
          "runs": [
            712.6251000000002,
            723.2410999999993,
            739.2028999999993,
            752.5771000000004,
            766.5447000000004,
            775.7909,
            797.6826000000001,
            839.8271999999997,
            840.8045000000002,
            844.3262000000004
          ],
          "runsTrimmed": [
            723.2410999999993,
            739.2028999999993,
            752.5771000000004,
            766.5447000000004,
            775.7909,
            797.6826000000001,
            839.8271999999997,
            840.8045000000002
          ],
          "min": 712.6251000000002,
          "max": 844.3262000000004,
          "median": 775.7909,
          "p95": 844.3262000000004,
          "p95Trimmed": 840.8045000000002,
          "meanTrimmed": 779.4588749999999
        }
      },
      "memoryPeakMb": {
        "typecheck": 234.41015625,
        "build": 239.4375
      },
      "bundles": {
        "js": 4138,
        "css": 15152,
        "routes": 34,
        "apiRoutes": 5
      },
      "buildError": null,
      "hardLimitCheck": {
        "parsePerFileUnder100ms": true,
        "typecheckPer100FilesUnder500ms": true,
        "warmBuildUnder2000ms": true,
        "coldBuildUnder5000ms": true,
        "firstLoadJsUnder5kb": true
      }
    },
    {
      "id": "yomiru",
      "skipped": true,
      "reason": "missing app directory"
    },
    {
      "id": "example-startup-mvp",
      "root": "C:\\Users\\Codechef\\Desktop\\fastscript\\examples\\startup-mvp",
      "skipped": false,
      "corpus": {
        "appFsFiles": 22
      },
      "typecheckSummary": {
        "errors": 1,
        "warnings": 0
      },
      "timingsMs": {
        "parsePerCorpus": {
          "runs": [
            20.615499999999884,
            23.96639999999934,
            24.121100000000297,
            24.75799999999981,
            24.832300000000032,
            24.922899999999572,
            24.9341000000004,
            26.172999999998865,
            27.1937999999991,
            28.051300000000992
          ],
          "runsTrimmed": [
            23.96639999999934,
            24.121100000000297,
            24.75799999999981,
            24.832300000000032,
            24.922899999999572,
            24.9341000000004,
            26.172999999998865,
            27.1937999999991
          ],
          "min": 20.615499999999884,
          "max": 28.051300000000992,
          "median": 24.922899999999572,
          "p95": 28.051300000000992,
          "p95Trimmed": 27.1937999999991,
          "meanTrimmed": 25.112699999999677
        },
        "typecheck": {
          "runs": [
            48.59780000000137,
            50.067699999999604,
            50.47870000000148,
            51.38559999999961,
            51.46399999999994,
            53.38580000000002,
            55.24269999999888,
            55.5023999999994,
            66.06080000000111,
            68.27850000000035
          ],
          "runsTrimmed": [
            50.067699999999604,
            50.47870000000148,
            51.38559999999961,
            51.46399999999994,
            53.38580000000002,
            55.24269999999888,
            55.5023999999994,
            66.06080000000111
          ],
          "min": 48.59780000000137,
          "max": 68.27850000000035,
          "median": 53.38580000000002,
          "p95": 68.27850000000035,
          "p95Trimmed": 66.06080000000111,
          "meanTrimmed": 54.198462500000005
        },
        "buildCold": {
          "ms": 787.3068
        },
        "buildWarm": {
          "runs": [
            783.9012,
            806.5301000000001,
            817.2422,
            854.726,
            870.5607,
            886.4538,
            917.4114000000001,
            951.2804,
            1030.2038,
            1047.3257999999998
          ],
          "runsTrimmed": [
            806.5301000000001,
            817.2422,
            854.726,
            870.5607,
            886.4538,
            917.4114000000001,
            951.2804,
            1030.2038
          ],
          "min": 783.9012,
          "max": 1047.3257999999998,
          "median": 886.4538,
          "p95": 1047.3257999999998,
          "p95Trimmed": 1030.2038,
          "meanTrimmed": 891.80105
        }
      },
      "memoryPeakMb": {
        "typecheck": 241.2109375,
        "build": 122.17578125
      },
      "bundles": {
        "js": 4138,
        "css": 3249,
        "routes": 8,
        "apiRoutes": 7
      },
      "buildError": null,
      "hardLimitCheck": {
        "parsePerFileUnder100ms": true,
        "typecheckPer100FilesUnder500ms": true,
        "warmBuildUnder2000ms": true,
        "coldBuildUnder5000ms": true,
        "firstLoadJsUnder5kb": true
      }
    },
    {
      "id": "example-agency-ops",
      "root": "C:\\Users\\Codechef\\Desktop\\fastscript\\examples\\agency-ops",
      "skipped": false,
      "corpus": {
        "appFsFiles": 22
      },
      "typecheckSummary": {
        "errors": 1,
        "warnings": 0
      },