{
  "generatedAt": "2026-04-16T20:00:32.555Z",
  "protocol": {
    "runs": 10,
    "outlierDiscard": "discard 1 min and 1 max for trimmed mean",
    "sampleIntervalMs": 10
  },
  "environment": {
    "node": "v24.14.0",
    "platform": "win32",
    "arch": "x64",
    "cpuModel": "Intel(R) Core(TM) i5-8250U CPU @ 1.60GHz",
    "cpuCount": 8,
    "totalMemoryMb": 16275.2109375
  },
  "corpora": [
    {
      "id": "repo-app",
      "root": "C:\\Users\\Codechef\\Desktop\\fastscript",
      "skipped": false,
      "corpus": {
        "appFsFiles": 49
      },
      "typecheckSummary": {
        "errors": 0,
        "warnings": 0
      },
      "timingsMs": {
        "parsePerCorpus": {
          "runs": [
            130.8699999999999,
            147.91200000000003,
            151.2111,
            157.03430000000014,
            159.44600000000003,
            174.72070000000002,
            175.2922000000001,
            188.22389999999996,
            196.65249999999992,
            339.8082
          ],
          "runsTrimmed": [
            147.91200000000003,
            151.2111,
            157.03430000000014,
            159.44600000000003,
            174.72070000000002,
            175.2922000000001,
            188.22389999999996,
            196.65249999999992
          ],
          "min": 130.8699999999999,
          "max": 339.8082,
          "median": 174.72070000000002,
          "p95": 339.8082,
          "p95Trimmed": 196.65249999999992,
          "meanTrimmed": 168.81158750000003
        },
        "typecheck": {
          "runs": [
            275.4000000000001,
            287.6154999999999,
            291.84760000000006,
            312.60440000000017,
            317.3476999999998,
            319.549,
            328.96349999999984,
            367.7936000000004,
            369.79569999999967,
            446.29320000000007
          ],
          "runsTrimmed": [
            287.6154999999999,
            291.84760000000006,
            312.60440000000017,
            317.3476999999998,
            319.549,
            328.96349999999984,
            367.7936000000004,
            369.79569999999967
          ],
          "min": 275.4000000000001,
          "max": 446.29320000000007,
          "median": 319.549,
          "p95": 446.29320000000007,
          "p95Trimmed": 369.79569999999967,
          "meanTrimmed": 324.439625
        },
        "buildCold": {
          "ms": 1606.6644999999999
        },
        "buildWarm": {
          "runs": [
            1413.4670000000006,
            1424.0843000000004,
            1431.4631000000008,
            1466.7608,
            1489.7469,
            1517.9120000000003,
            1539.7304999999997,
            1607.9717,
            1654.9655999999995,
            1702.3604000000014
          ],
          "runsTrimmed": [
            1424.0843000000004,
            1431.4631000000008,
            1466.7608,
            1489.7469,
            1517.9120000000003,
            1539.7304999999997,
            1607.9717,
            1654.9655999999995
          ],
          "min": 1413.4670000000006,
          "max": 1702.3604000000014,
          "median": 1517.9120000000003,
          "p95": 1702.3604000000014,
          "p95Trimmed": 1654.9655999999995,
          "meanTrimmed": 1516.5793625000001
        }
      },
      "memoryPeakMb": {
        "typecheck": 263.7578125,
        "build": 279.0859375
      },
      "bundles": {
        "js": 4284,
        "css": 15353,
        "routes": 38,
        "apiRoutes": 5
      },
      "buildError": null,
      "hardLimitCheck": {
        "parsePerFileUnder100ms": true,
        "typecheckPer100FilesUnder500ms": true,
        "warmBuildUnder2000ms": true,
        "coldBuildUnder5000ms": true,
        "firstLoadJsUnder5kb": true
      }
    },
    {
      "id": "yomiru",
      "skipped": true,
      "reason": "missing app directory"
    },
    {
      "id": "example-startup-mvp",
      "root": "C:\\Users\\Codechef\\Desktop\\fastscript\\examples\\startup-mvp",
      "skipped": false,
      "corpus": {
        "appFsFiles": 22
      },
      "typecheckSummary": {
        "errors": 1,
        "warnings": 0
      },
      "timingsMs": {
        "parsePerCorpus": {
          "runs": [
            32.79739999999947,
            35.288900000003196,
            38.05059999999867,
            39.36650000000009,
            39.927599999999074,
            43.30529999999999,
            49.92900000000009,
            56.38180000000284,
            59.09240000000136,
            78.12700000000041
          ],
          "runsTrimmed": [
            35.288900000003196,
            38.05059999999867,
            39.36650000000009,
            39.927599999999074,
            43.30529999999999,
            49.92900000000009,
            56.38180000000284,
            59.09240000000136
          ],
          "min": 32.79739999999947,
          "max": 78.12700000000041,
          "median": 43.30529999999999,
          "p95": 78.12700000000041,
          "p95Trimmed": 59.09240000000136,
          "meanTrimmed": 45.16776250000066
        },
        "typecheck": {
          "runs": [
            60.108400000000984,
            69.49629999999888,
            74.89719999999943,
            85.57330000000002,
            86.46830000000045,
            87.40880000000107,
            87.88780000000042,
            90.91240000000107,
            93.21240000000034,
            125.33749999999782
          ],
          "runsTrimmed": [
            69.49629999999888,
            74.89719999999943,
            85.57330000000002,
            86.46830000000045,
            87.40880000000107,
            87.88780000000042,
            90.91240000000107,
            93.21240000000034
          ],
          "min": 60.108400000000984,
          "max": 125.33749999999782,
          "median": 87.40880000000107,
          "p95": 125.33749999999782,
          "p95Trimmed": 93.21240000000034,
          "meanTrimmed": 84.48206250000021
        },
        "buildCold": {
          "ms": 1260.7443
        },
        "buildWarm": {
          "runs": [
            1165.0331999999999,
            1227.7021,
            1250.1814000000002,
            1296.1705,
            1307.9157,
            1309.3652,
            1344.1189,
            1381.8275,
            1495.0949,
            1564.8126
          ],
          "runsTrimmed": [
            1227.7021,
            1250.1814000000002,
            1296.1705,
            1307.9157,
            1309.3652,
            1344.1189,
            1381.8275,
            1495.0949
          ],
          "min": 1165.0331999999999,
          "max": 1564.8126,
          "median": 1309.3652,
          "p95": 1564.8126,
          "p95Trimmed": 1495.0949,
          "meanTrimmed": 1326.5470249999998
        }
      },
      "memoryPeakMb": {
        "typecheck": 281.2265625,
        "build": 129.46875
      },
      "bundles": {
        "js": 4284,
        "css": 3249,
        "routes": 8,
        "apiRoutes": 7
      },
      "buildError": null,
      "hardLimitCheck": {
        "parsePerFileUnder100ms": true,
        "typecheckPer100FilesUnder500ms": true,
        "warmBuildUnder2000ms": true,
        "coldBuildUnder5000ms": true,
        "firstLoadJsUnder5kb": true
      }
    },
    {
      "id": "example-agency-ops",
      "root": "C:\\Users\\Codechef\\Desktop\\fastscript\\examples\\agency-ops",
      "skipped": false,
      "corpus": {
        "appFsFiles": 25
      },
      "typecheckSummary": {
        "errors": 0,
        "warnings": 0
      },
      "timingsMs": {
        "parsePerCorpus": {
          "runs": [
            56.8093000000008,
            60.60779999999795,
            72.93119999999908,
            78.25039999999717,
            78.40009999999893,
            78.61609999999928,
            82.78900000000431,
            101.29660000000149,
            114.39250000000175,
            128.0998000000036
          ],