{
  "generatedAt": "2026-04-17T15:33:25.615Z",
  "protocol": {
    "runs": 10,
    "outlierDiscard": "discard 1 min and 1 max for trimmed mean",
    "sampleIntervalMs": 10
  },
  "environment": {
    "node": "v24.14.0",
    "platform": "win32",
    "arch": "x64",
    "cpuModel": "Intel(R) Core(TM) i5-8250U CPU @ 1.60GHz",
    "cpuCount": 8,
    "totalMemoryMb": 16275.2109375
  },
  "corpora": [
    {
      "id": "repo-app",
      "root": "C:\\Users\\Codechef\\Desktop\\fastscript",
      "skipped": false,
      "corpus": {
        "appFsFiles": 50
      },
      "typecheckSummary": {
        "errors": 0,
        "warnings": 0
      },
      "timingsMs": {
        "parsePerCorpus": {
          "runs": [
            87.18849999999998,
            94.51670000000001,
            96.15740000000005,
            103.14750000000004,
            109.72069999999997,
            119.5637999999999,
            129.95799999999997,
            142.3157,
            198.21269999999998,
            269.49449999999996
          ],
          "runsTrimmed": [
            94.51670000000001,
            96.15740000000005,
            103.14750000000004,
            109.72069999999997,
            119.5637999999999,
            129.95799999999997,
            142.3157,
            198.21269999999998
          ],
          "min": 87.18849999999998,
          "max": 269.49449999999996,
          "median": 119.5637999999999,
          "p95": 269.49449999999996,
          "p95Trimmed": 198.21269999999998,
          "meanTrimmed": 124.1990625
        },
        "typecheck": {
          "runs": [
            233.27329999999984,
            235.01400000000012,
            257.9850999999999,
            263.3270000000002,
            273.95059999999967,
            277.4674,
            298.9495999999999,
            305.4776999999999,
            323.7017000000001,
            367.99839999999995
          ],
          "runsTrimmed": [
            235.01400000000012,
            257.9850999999999,
            263.3270000000002,
            273.95059999999967,
            277.4674,
            298.9495999999999,
            305.4776999999999,
            323.7017000000001
          ],
          "min": 233.27329999999984,
          "max": 367.99839999999995,
          "median": 277.4674,
          "p95": 367.99839999999995,
          "p95Trimmed": 323.7017000000001,
          "meanTrimmed": 279.4841375
        },
        "buildCold": {
          "ms": 1251.7344000000003
        },
        "buildWarm": {
          "runs": [
            1084.9160999999986,
            1142.5272000000004,
            1165.8567000000003,
            1190.329099999999,
            1198.036,
            1244.9764000000032,
            1358.7217999999993,
            1377.0109999999995,
            1422.5210000000006,
            1433.6776
          ],
          "runsTrimmed": [
            1142.5272000000004,
            1165.8567000000003,
            1190.329099999999,
            1198.036,
            1244.9764000000032,
            1358.7217999999993,
            1377.0109999999995,
            1422.5210000000006
          ],
          "min": 1084.9160999999986,
          "max": 1433.6776,
          "median": 1244.9764000000032,
          "p95": 1433.6776,
          "p95Trimmed": 1422.5210000000006,
          "meanTrimmed": 1262.4974000000002
        }
      },
      "memoryPeakMb": {
        "typecheck": 258.8671875,
        "build": 274.40234375
      },
      "bundles": {
        "js": 4565,
        "css": 15353,
        "routes": 39,
        "apiRoutes": 5
      },
      "buildError": null,
      "hardLimitCheck": {
        "parsePerFileUnder100ms": true,
        "typecheckPer100FilesUnder500ms": true,
        "warmBuildUnder2000ms": true,
        "coldBuildUnder5000ms": true,
        "firstLoadJsUnder5kb": true
      }
    },
    {
      "id": "yomiru",
      "skipped": true,
      "reason": "missing app directory"
    },
    {
      "id": "example-startup-mvp",
      "root": "C:\\Users\\Codechef\\Desktop\\fastscript\\examples\\startup-mvp",
      "skipped": false,
      "corpus": {
        "appFsFiles": 22
      },
      "typecheckSummary": {
        "errors": 1,
        "warnings": 0
      },
      "timingsMs": {
        "parsePerCorpus": {
          "runs": [
            27.496299999998882,
            28.093000000000757,
            28.49329999999827,
            29.02850000000035,
            29.66700000000128,
            30.545399999999063,
            30.904600000001665,
            31.723900000000867,
            34.170500000000175,
            37.94949999999881
          ],
          "runsTrimmed": [
            28.093000000000757,
            28.49329999999827,
            29.02850000000035,
            29.66700000000128,
            30.545399999999063,
            30.904600000001665,
            31.723900000000867,
            34.170500000000175
          ],
          "min": 27.496299999998882,
          "max": 37.94949999999881,
          "median": 30.545399999999063,
          "p95": 37.94949999999881,
          "p95Trimmed": 34.170500000000175,
          "meanTrimmed": 30.328275000000303
        },
        "typecheck": {
          "runs": [
            62.426000000003114,
            65.40490000000136,
            70.90840000000026,
            75.14159999999902,
            82.82860000000073,
            83.10369999999966,
            96.16860000000088,
            97.91119999999864,
            107.67150000000038,
            158.76990000000296
          ],
          "runsTrimmed": [
            65.40490000000136,
            70.90840000000026,
            75.14159999999902,
            82.82860000000073,
            83.10369999999966,
            96.16860000000088,
            97.91119999999864,
            107.67150000000038
          ],
          "min": 62.426000000003114,
          "max": 158.76990000000296,
          "median": 83.10369999999966,
          "p95": 158.76990000000296,
          "p95Trimmed": 107.67150000000038,
          "meanTrimmed": 84.89231250000012
        },
        "buildCold": {
          "ms": 1297.2915
        },
        "buildWarm": {
          "runs": [
            1045.0251999999998,
            1058.9396,
            1083.5887,
            1109.6758,
            1116.8008,
            1142.5091,
            1224.3149,
            1324.9036,
            1355.3924,
            1510.3235
          ],
          "runsTrimmed": [
            1058.9396,
            1083.5887,
            1109.6758,
            1116.8008,
            1142.5091,
            1224.3149,
            1324.9036,
            1355.3924
          ],
          "min": 1045.0251999999998,
          "max": 1510.3235,
          "median": 1142.5091,
          "p95": 1510.3235,
          "p95Trimmed": 1355.3924,
          "meanTrimmed": 1177.0156125
        }
      },
      "memoryPeakMb": {
        "typecheck": 275.43359375,
        "build": 133.15625
      },
      "bundles": {
        "js": 4565,
        "css": 3249,
        "routes": 8,
        "apiRoutes": 7
      },
      "buildError": null,
      "hardLimitCheck": {
        "parsePerFileUnder100ms": true,
        "typecheckPer100FilesUnder500ms": true,
        "warmBuildUnder2000ms": true,
        "coldBuildUnder5000ms": true,
        "firstLoadJsUnder5kb": true
      }
    },
    {
      "id": "example-agency-ops",
      "root": "C:\\Users\\Codechef\\Desktop\\fastscript\\examples\\agency-ops",
      "skipped": false,
      "corpus": {
        "appFsFiles": 25
      },
      "typecheckSummary": {
        "errors": 0,
        "warnings": 0
      },
      "timingsMs": {
        "parsePerCorpus": {
          "runs": [
            48.497300000002724,
            51.508999999998196,
            51.7271000000037,
            52.45930000000226,
            56.842399999994086,
            62.065899999994144,
            65.8585000000021,
            71.70859999999811,
            118.28899999999703,
            134.375
          ],