{
  "generatedAt": "2026-04-17T17:45:32.729Z",
  "protocol": {
    "runs": 10,
    "outlierDiscard": "discard 1 min and 1 max for trimmed mean",
    "sampleIntervalMs": 10
  },
  "environment": {
    "node": "v24.14.0",
    "platform": "win32",
    "arch": "x64",
    "cpuModel": "Intel(R) Core(TM) i5-8250U CPU @ 1.60GHz",
    "cpuCount": 8,
    "totalMemoryMb": 16275.2109375
  },
  "corpora": [
    {
      "id": "repo-app",
      "root": "C:\\Users\\Codechef\\Desktop\\fastscript",
      "skipped": false,
      "corpus": {
        "appFsFiles": 50
      },
      "typecheckSummary": {
        "errors": 0,
        "warnings": 0
      },
      "timingsMs": {
        "parsePerCorpus": {
          "runs": [
            110.0643,
            110.80790000000002,
            134.538,
            148.53949999999998,
            156.1812000000001,
            161.2419,
            168.5884000000001,
            175.5272,
            232.30680000000007,
            288.64119999999997
          ],
          "runsTrimmed": [
            110.80790000000002,
            134.538,
            148.53949999999998,
            156.1812000000001,
            161.2419,
            168.5884000000001,
            175.5272,
            232.30680000000007
          ],
          "min": 110.0643,
          "max": 288.64119999999997,
          "median": 161.2419,
          "p95": 288.64119999999997,
          "p95Trimmed": 232.30680000000007,
          "meanTrimmed": 160.96636250000003
        },
        "typecheck": {
          "runs": [
            247.25149999999985,
            253.27490000000034,
            270.47209999999995,
            276.6927000000005,
            280.3265000000001,
            295.04190000000017,
            306.86900000000014,
            318.3912,
            399.74760000000015,
            481.5124999999998
          ],
          "runsTrimmed": [
            253.27490000000034,
            270.47209999999995,
            276.6927000000005,
            280.3265000000001,
            295.04190000000017,
            306.86900000000014,
            318.3912,
            399.74760000000015
          ],
          "min": 247.25149999999985,
          "max": 481.5124999999998,
          "median": 295.04190000000017,
          "p95": 481.5124999999998,
          "p95Trimmed": 399.74760000000015,
          "meanTrimmed": 300.1019875000002
        },
        "buildCold": {
          "ms": 1340.9934000000003
        },
        "buildWarm": {
          "runs": [
            1210.071399999999,
            1273.1038000000008,
            1280.0583000000006,
            1303.1199000000015,
            1357.7345000000005,
            1397.0409999999974,
            1420.917800000001,
            1576.3403999999991,
            1594.2772000000004,
            1611.4791000000005
          ],
          "runsTrimmed": [
            1273.1038000000008,
            1280.0583000000006,
            1303.1199000000015,
            1357.7345000000005,
            1397.0409999999974,
            1420.917800000001,
            1576.3403999999991,
            1594.2772000000004
          ],
          "min": 1210.071399999999,
          "max": 1611.4791000000005,
          "median": 1397.0409999999974,
          "p95": 1611.4791000000005,
          "p95Trimmed": 1594.2772000000004,
          "meanTrimmed": 1400.3241125000002
        }
      },
      "memoryPeakMb": {
        "typecheck": 251.8359375,
        "build": 271.15234375
      },
      "bundles": {
        "js": 4565,
        "css": 15353,
        "routes": 39,
        "apiRoutes": 5
      },
      "buildError": null,
      "hardLimitCheck": {
        "parsePerFileUnder100ms": true,
        "typecheckPer100FilesUnder500ms": true,
        "warmBuildUnder2000ms": true,
        "coldBuildUnder5000ms": true,
        "firstLoadJsUnder5kb": true
      }
    },
    {
      "id": "yomiru",
      "skipped": true,
      "reason": "missing app directory"
    },
    {
      "id": "example-startup-mvp",
      "root": "C:\\Users\\Codechef\\Desktop\\fastscript\\examples\\startup-mvp",
      "skipped": false,
      "corpus": {
        "appFsFiles": 24
      },
      "typecheckSummary": {
        "errors": 1,
        "warnings": 0
      },
      "timingsMs": {
        "parsePerCorpus": {
          "runs": [
            32.474999999998545,
            33.62419999999838,
            33.78769999999713,
            40.7029999999977,
            41.54920000000129,
            42.8169999999991,
            48.48189999999886,
            49.65520000000106,
            58.58810000000085,
            79.12129999999888
          ],
          "runsTrimmed": [
            33.62419999999838,
            33.78769999999713,
            40.7029999999977,
            41.54920000000129,
            42.8169999999991,
            48.48189999999886,
            49.65520000000106,
            58.58810000000085
          ],
          "min": 32.474999999998545,
          "max": 79.12129999999888,
          "median": 42.8169999999991,
          "p95": 79.12129999999888,
          "p95Trimmed": 58.58810000000085,
          "meanTrimmed": 43.650787499999296
        },
        "typecheck": {
          "runs": [
            66.84149999999863,
            67.82370000000083,
            68.19680000000153,
            69.01100000000224,
            70.88060000000041,
            72.83500000000276,
            73.93870000000243,
            78.26770000000033,
            78.75340000000142,
            93.54400000000169
          ],
          "runsTrimmed": [
            67.82370000000083,
            68.19680000000153,
            69.01100000000224,
            70.88060000000041,
            72.83500000000276,
            73.93870000000243,
            78.26770000000033,
            78.75340000000142
          ],
          "min": 66.84149999999863,
          "max": 93.54400000000169,
          "median": 72.83500000000276,
          "p95": 93.54400000000169,
          "p95Trimmed": 78.75340000000142,
          "meanTrimmed": 72.4633625000015
        },
        "buildCold": {
          "ms": 1226.668
        },
        "buildWarm": {
          "runs": [
            1183.3927999999999,
            1191.6216,
            1252.8971,
            1262.1998,
            1283.8274,
            1343.2063,
            1397.5768,
            1416.5122999999999,
            1444.0413,
            1465.7043999999999
          ],
          "runsTrimmed": [
            1191.6216,
            1252.8971,
            1262.1998,
            1283.8274,
            1343.2063,
            1397.5768,
            1416.5122999999999,
            1444.0413
          ],
          "min": 1183.3927999999999,
          "max": 1465.7043999999999,
          "median": 1343.2063,
          "p95": 1465.7043999999999,
          "p95Trimmed": 1444.0413,
          "meanTrimmed": 1323.985325
        }
      },
      "memoryPeakMb": {
        "typecheck": 271.9921875,
        "build": 132.64453125
      },
      "bundles": {
        "js": 4565,
        "css": 3249,
        "routes": 8,
        "apiRoutes": 8
      },
      "buildError": null,
      "hardLimitCheck": {
        "parsePerFileUnder100ms": true,
        "typecheckPer100FilesUnder500ms": true,
        "warmBuildUnder2000ms": true,
        "coldBuildUnder5000ms": true,
        "firstLoadJsUnder5kb": true
      }
    },
    {
      "id": "example-agency-ops",
      "root": "C:\\Users\\Codechef\\Desktop\\fastscript\\examples\\agency-ops",
      "skipped": false,
      "corpus": {
        "appFsFiles": 26
      },
      "typecheckSummary": {
        "errors": 0,
        "warnings": 0
      },