{
  "generatedAt": "2026-04-17T15:13:59.705Z",
  "protocol": {
    "runs": 10,
    "outlierDiscard": "discard 1 min and 1 max for trimmed mean",
    "sampleIntervalMs": 10
  },
  "environment": {
    "node": "v24.14.0",
    "platform": "win32",
    "arch": "x64",
    "cpuModel": "Intel(R) Core(TM) i5-8250U CPU @ 1.60GHz",
    "cpuCount": 8,
    "totalMemoryMb": 16275.2109375
  },
  "corpora": [
    {
      "id": "repo-app",
      "root": "C:\\Users\\Codechef\\Desktop\\fastscript",
      "skipped": false,
      "corpus": {
        "appFsFiles": 50
      },
      "typecheckSummary": {
        "errors": 0,
        "warnings": 0
      },
      "timingsMs": {
        "parsePerCorpus": {
          "runs": [
            77.15729999999985,
            84.24620000000004,
            96.02769999999987,
            97.01340000000005,
            107.46659999999997,
            110.04520000000002,
            111.55330000000004,
            128.226,
            214.9291,
            307.05039999999997
          ],
          "runsTrimmed": [
            84.24620000000004,
            96.02769999999987,
            97.01340000000005,
            107.46659999999997,
            110.04520000000002,
            111.55330000000004,
            128.226,
            214.9291
          ],
          "min": 77.15729999999985,
          "max": 307.05039999999997,
          "median": 110.04520000000002,
          "p95": 307.05039999999997,
          "p95Trimmed": 214.9291,
          "meanTrimmed": 118.68843749999999
        },
        "typecheck": {
          "runs": [
            222.10740000000033,
            228.49089999999978,
            233.9978000000001,
            253.0030999999999,
            265.26049999999987,
            290.5261999999998,
            291.83320000000003,
            311.20899999999983,
            322.96029999999996,
            394.7374
          ],
          "runsTrimmed": [
            228.49089999999978,
            233.9978000000001,
            253.0030999999999,
            265.26049999999987,
            290.5261999999998,
            291.83320000000003,
            311.20899999999983,
            322.96029999999996
          ],
          "min": 222.10740000000033,
          "max": 394.7374,
          "median": 290.5261999999998,
          "p95": 394.7374,
          "p95Trimmed": 322.96029999999996,
          "meanTrimmed": 274.6601249999999
        },
        "buildCold": {
          "ms": 1322.2145
        },
        "buildWarm": {
          "runs": [
            1077.4624000000003,
            1127.3358000000007,
            1134.0576,
            1175.9567000000006,
            1192.1922999999988,
            1242.8073000000004,
            1252.5897000000004,
            1342.0702,
            1390.7134999999998,
            1427.188900000001
          ],
          "runsTrimmed": [
            1127.3358000000007,
            1134.0576,
            1175.9567000000006,
            1192.1922999999988,
            1242.8073000000004,
            1252.5897000000004,
            1342.0702,
            1390.7134999999998
          ],
          "min": 1077.4624000000003,
          "max": 1427.188900000001,
          "median": 1242.8073000000004,
          "p95": 1427.188900000001,
          "p95Trimmed": 1390.7134999999998,
          "meanTrimmed": 1232.2153875000001
        }
      },
      "memoryPeakMb": {
        "typecheck": 255.484375,
        "build": 270.46875
      },
      "bundles": {
        "js": 4565,
        "css": 15353,
        "routes": 39,
        "apiRoutes": 5
      },
      "buildError": null,
      "hardLimitCheck": {
        "parsePerFileUnder100ms": true,
        "typecheckPer100FilesUnder500ms": true,
        "warmBuildUnder2000ms": true,
        "coldBuildUnder5000ms": true,
        "firstLoadJsUnder5kb": true
      }
    },
    {
      "id": "yomiru",
      "skipped": true,
      "reason": "missing app directory"
    },
    {
      "id": "example-startup-mvp",
      "root": "C:\\Users\\Codechef\\Desktop\\fastscript\\examples\\startup-mvp",
      "skipped": false,
      "corpus": {
        "appFsFiles": 22
      },
      "typecheckSummary": {
        "errors": 1,
        "warnings": 0
      },
      "timingsMs": {
        "parsePerCorpus": {
          "runs": [
            25.06209999999919,
            25.475399999999354,
            26.74250000000029,
            27.689800000000105,
            27.94890000000305,
            29.16229999999996,
            29.741500000000087,
            29.761399999999412,
            34.19770000000062,
            35.03900000000067
          ],
          "runsTrimmed": [
            25.475399999999354,
            26.74250000000029,
            27.689800000000105,
            27.94890000000305,
            29.16229999999996,
            29.741500000000087,
            29.761399999999412,
            34.19770000000062
          ],
          "min": 25.06209999999919,
          "max": 35.03900000000067,
          "median": 29.16229999999996,
          "p95": 35.03900000000067,
          "p95Trimmed": 34.19770000000062,
          "meanTrimmed": 28.83993750000036
        },
        "typecheck": {
          "runs": [
            66.52660000000105,
            68.16609999999855,
            68.84590000000026,
            73.59579999999914,
            75.14650000000256,
            79.67599999999948,
            86.89289999999892,
            91.86330000000089,
            92.37149999999747,
            95.77860000000146
          ],
          "runsTrimmed": [
            68.16609999999855,
            68.84590000000026,
            73.59579999999914,
            75.14650000000256,
            79.67599999999948,
            86.89289999999892,
            91.86330000000089,
            92.37149999999747
          ],
          "min": 66.52660000000105,
          "max": 95.77860000000146,
          "median": 79.67599999999948,
          "p95": 95.77860000000146,
          "p95Trimmed": 92.37149999999747,
          "meanTrimmed": 79.56974999999966
        },
        "buildCold": {
          "ms": 1170.1844
        },
        "buildWarm": {
          "runs": [
            1008.3367,
            1016.3050000000001,
            1033.2711,
            1049.2648,
            1084.252,
            1109.8707,
            1186.6775,
            1269.9734,
            1303.1457,
            1583.1068
          ],
          "runsTrimmed": [
            1016.3050000000001,
            1033.2711,
            1049.2648,
            1084.252,
            1109.8707,
            1186.6775,
            1269.9734,
            1303.1457
          ],
          "min": 1008.3367,
          "max": 1583.1068,
          "median": 1109.8707,
          "p95": 1583.1068,
          "p95Trimmed": 1303.1457,
          "meanTrimmed": 1131.5950249999999
        }
      },
      "memoryPeakMb": {
        "typecheck": 271.06640625,
        "build": 132.9296875
      },
      "bundles": {
        "js": 4565,
        "css": 3249,
        "routes": 8,
        "apiRoutes": 7
      },
      "buildError": null,
      "hardLimitCheck": {
        "parsePerFileUnder100ms": true,
        "typecheckPer100FilesUnder500ms": true,
        "warmBuildUnder2000ms": true,
        "coldBuildUnder5000ms": true,
        "firstLoadJsUnder5kb": true
      }
    },
    {
      "id": "example-agency-ops",
      "root": "C:\\Users\\Codechef\\Desktop\\fastscript\\examples\\agency-ops",
      "skipped": false,
      "corpus": {
        "appFsFiles": 25
      },
      "typecheckSummary": {
        "errors": 0,
        "warnings": 0
      },
      "timingsMs": {
        "parsePerCorpus": {
          "runs": [
            54.87589999999909,
            55.06099999999424,
            56.78050000000076,
            64.52649999999994,
            73.69480000000476,
            74.02740000000631,
            76.96209999999701,
            95.6446999999971,
            110.2439000000013,
            137.75760000000446
          ],