{
  "generatedAt": "2026-04-14T21:12:07.175Z",
  "protocol": {
    "runs": 10,
    "outlierDiscard": "discard 1 min and 1 max for trimmed mean",
    "sampleIntervalMs": 10
  },
  "environment": {
    "node": "v24.14.0",
    "platform": "win32",
    "arch": "x64",
    "cpuModel": "Intel(R) Core(TM) i5-8250U CPU @ 1.60GHz",
    "cpuCount": 8,
    "totalMemoryMb": 16275.2109375
  },
  "corpora": [
    {
      "id": "repo-app",
      "root": "C:\\Users\\Codechef\\Desktop\\fastscript",
      "skipped": false,
      "corpus": {
        "appFsFiles": 37
      },
      "typecheckSummary": {
        "errors": 0,
        "warnings": 0
      },
      "timingsMs": {
        "parsePerCorpus": {
          "runs": [
            55.90510000000006,
            60.11419999999998,
            60.97169999999994,
            63.03279999999995,
            67.31500000000005,
            69.66180000000003,
            78.50709999999998,
            79.0625,
            84.07640000000004,
            172.5618
          ],
          "runsTrimmed": [
            60.11419999999998,
            60.97169999999994,
            63.03279999999995,
            67.31500000000005,
            69.66180000000003,
            78.50709999999998,
            79.0625,
            84.07640000000004
          ],
          "min": 55.90510000000006,
          "max": 172.5618,
          "median": 69.66180000000003,
          "p95": 172.5618,
          "p95Trimmed": 84.07640000000004,
          "meanTrimmed": 70.3426875
        },
        "typecheck": {
          "runs": [
            130.39220000000023,
            142.4376000000002,
            159.8510000000001,
            173.31169999999975,
            176.24890000000005,
            188.24980000000005,
            229.09570000000008,
            237.67500000000018,
            282.4603000000001,
            319.45510000000013
          ],
          "runsTrimmed": [
            142.4376000000002,
            159.8510000000001,
            173.31169999999975,
            176.24890000000005,
            188.24980000000005,
            229.09570000000008,
            237.67500000000018,
            282.4603000000001
          ],
          "min": 130.39220000000023,
          "max": 319.45510000000013,
          "median": 188.24980000000005,
          "p95": 319.45510000000013,
          "p95Trimmed": 282.4603000000001,
          "meanTrimmed": 198.66625000000005
        },
        "buildCold": {
          "ms": 866.3666000000003
        },
        "buildWarm": {
          "runs": [
            760.3356000000003,
            786.7681999999986,
            873.5640000000003,
            902.289499999999,
            906.7034000000003,
            944.4554000000007,
            977.6342999999997,
            999.8303999999998,
            1172.8140000000003,
            2566.2649
          ],
          "runsTrimmed": [
            786.7681999999986,
            873.5640000000003,
            902.289499999999,
            906.7034000000003,
            944.4554000000007,
            977.6342999999997,
            999.8303999999998,
            1172.8140000000003
          ],
          "min": 760.3356000000003,
          "max": 2566.2649,
          "median": 944.4554000000007,
          "p95": 2566.2649,
          "p95Trimmed": 1172.8140000000003,
          "meanTrimmed": 945.5073999999998
        }
      },
      "memoryPeakMb": {
        "typecheck": 239.13671875,
        "build": 248.31640625
      },
      "bundles": {
        "js": 4138,
        "css": 13078,
        "routes": 26,
        "apiRoutes": 5
      },
      "buildError": null,
      "hardLimitCheck": {
        "parsePerFileUnder100ms": true,
        "typecheckPer100FilesUnder500ms": true,
        "warmBuildUnder2000ms": true,
        "coldBuildUnder5000ms": true,
        "firstLoadJsUnder5kb": true
      }
    },
    {
      "id": "yomiru",
      "root": "C:\\Users\\Codechef\\Desktop\\fastscript\\yomiru",
      "skipped": false,
      "corpus": {
        "appFsFiles": 11
      },
      "typecheckSummary": {
        "errors": 0,
        "warnings": 0
      },
      "timingsMs": {
        "parsePerCorpus": {
          "runs": [
            33.54739999999947,
            36.34219999999914,
            39.58460000000014,
            40.71490000000085,
            41.561499999999796,
            41.60809999999947,
            46.78320000000167,
            51.43579999999929,
            51.765699999999924,
            56.76050000000032
          ],
          "runsTrimmed": [
            36.34219999999914,
            39.58460000000014,
            40.71490000000085,
            41.561499999999796,
            41.60809999999947,
            46.78320000000167,
            51.43579999999929,
            51.765699999999924
          ],
          "min": 33.54739999999947,
          "max": 56.76050000000032,
          "median": 41.60809999999947,
          "p95": 56.76050000000032,
          "p95Trimmed": 51.765699999999924,
          "meanTrimmed": 43.724500000000035
        },
        "typecheck": {
          "runs": [
            79.61309999999867,
            79.76530000000093,
            83.76810000000114,
            84.47370000000046,
            88.11160000000018,
            91.18479999999909,
            91.8755000000001,
            100.18239999999969,
            113.47749999999905,
            120.41249999999854
          ],
          "runsTrimmed": [
            79.76530000000093,
            83.76810000000114,
            84.47370000000046,
            88.11160000000018,
            91.18479999999909,
            91.8755000000001,
            100.18239999999969,
            113.47749999999905
          ],
          "min": 79.61309999999867,
          "max": 120.41249999999854,
          "median": 91.18479999999909,
          "p95": 120.41249999999854,
          "p95Trimmed": 113.47749999999905,
          "meanTrimmed": 91.60486250000008
        },
        "buildCold": {
          "ms": 1007.3148
        },
        "buildWarm": {
          "runs": [
            688.8929999999999,
            705.203,
            721.3148000000001,
            727.9324,
            752.0210000000001,
            788.032,
            858.5294,
            891.3554,
            906.4921999999999,
            1108.431
          ],
          "runsTrimmed": [
            705.203,
            721.3148000000001,
            727.9324,
            752.0210000000001,
            788.032,
            858.5294,
            891.3554,
            906.4921999999999
          ],
          "min": 688.8929999999999,
          "max": 1108.431,
          "median": 788.032,
          "p95": 1108.431,
          "p95Trimmed": 906.4921999999999,
          "meanTrimmed": 793.8600250000001
        }
      },
      "memoryPeakMb": {
        "typecheck": 248.13671875,
        "build": 85.29296875
      },
      "bundles": {
        "js": 4138,
        "css": 6165,
        "routes": 8,
        "apiRoutes": 0
      },
      "buildError": null,
      "hardLimitCheck": {
        "parsePerFileUnder100ms": true,
        "typecheckPer100FilesUnder500ms": true,
        "warmBuildUnder2000ms": true,
        "coldBuildUnder5000ms": true,
        "firstLoadJsUnder5kb": true
      }
    },
    {
      "id": "example-startup-mvp",
      "root": "C:\\Users\\Codechef\\Desktop\\fastscript\\examples\\startup-mvp",
      "skipped": false,
      "corpus": {
        "appFsFiles": 7
      },
      "typecheckSummary": {
        "errors": 0,
        "warnings": 0
      },
      "timingsMs": {
        "parsePerCorpus": {
          "runs": [
            10.46429999999964,
            11.136800000000221,
            12.618999999998778,
            14.254000000000815,
            15.04739999999947,
            16.707500000000437,
            19.214700000000448,
            22.179599999999482,
            25.639200000001438,
            57.67699999999968
          ],